{
  "CodeKitInfo" : "This is a CodeKit project configuration file. It is designed to sync project settings across multiple machines. Modifying the contents of this file can be a poor life decision if you don't know what you're doing. This file is not useful unless accompanied by the project that created it in CodeKit. For more information, see: http:\/\/incident57.com\/codekit",
  "creatorBuild" : "8283",
  "files" : {
    "\/js\/script-ck.js" : {
      "ignoreWasSetByUser" : 0,
      "ignore" : 1,
      "hidden" : 0,
      "outputPathIsSetByUser" : 0,
      "inputAbbreviatedPath" : "\/js\/script-ck.js",
      "outputStyle" : 1,
      "syntaxCheckerStyle" : 1,
      "outputAbbreviatedPath" : "\/js\/script-ck-ck.js",
      "fileType" : 64
    },
    "\/sass\/_768.sass" : {
      "ignoreWasSetByUser" : 0,
      "ignore" : 0,
      "hidden" : 0,
      "outputPathIsSetByUser" : 0,
      "inputAbbreviatedPath" : "\/sass\/_768.sass",
      "outputStyle" : 0,
      "shouldRunBless" : 0,
      "outputAbbreviatedPath" : "\/css\/_768.css",
      "fileType" : 2,
      "debugStyle" : 0
    },
    "\/less\/elements.less" : {
      "ignoreWasSetByUser" : 0,
      "ignore" : 1,
      "hidden" : 0,
      "outputPathIsSetByUser" : 0,
      "inputAbbreviatedPath" : "\/less\/elements.less",
      "outputStyle" : 0,
      "shouldRunBless" : 0,
      "outputAbbreviatedPath" : "\/css\/elements.css",
      "strictImports" : 0,
      "fileType" : 1,
      "debugStyle" : 0
    },
    "\/js\/modernizr-2.5.3-min.js" : {
      "ignoreWasSetByUser" : 0,
      "ignore" : 0,
      "hidden" : 0,
      "outputPathIsSetByUser" : 0,
      "inputAbbreviatedPath" : "\/js\/modernizr-2.5.3-min.js",
      "outputStyle" : 1,
      "syntaxCheckerStyle" : 1,
      "outputAbbreviatedPath" : "\/js\/modernizr-2.5.3-min-ck.js",
      "fileType" : 64
    },
    "\/scss-compass\/_elements.scss" : {
      "ignoreWasSetByUser" : 0,
      "ignore" : 1,
      "hidden" : 0,
      "outputPathIsSetByUser" : 0,
      "inputAbbreviatedPath" : "\/scss-compass\/_elements.scss",
      "outputStyle" : 0,
      "shouldRunBless" : 0,
      "outputAbbreviatedPath" : "\/css\/_elements.css",
      "fileType" : 4,
      "debugStyle" : 0
    },
    "\/sass-compass\/_elements.sass" : {
      "ignoreWasSetByUser" : 0,
      "ignore" : 0,
      "hidden" : 0,
      "outputPathIsSetByUser" : 0,
      "inputAbbreviatedPath" : "\/sass-compass\/_elements.sass",
      "outputStyle" : 0,
      "shouldRunBless" : 0,
      "outputAbbreviatedPath" : "\/css\/_elements.css",
      "fileType" : 2,
      "debugStyle" : 0
    },
    "\/sass-compass\/_992.sass" : {
      "ignoreWasSetByUser" : 0,
      "ignore" : 0,
      "hidden" : 0,
      "outputPathIsSetByUser" : 0,
      "inputAbbreviatedPath" : "\/sass-compass\/_992.sass",
      "outputStyle" : 0,
      "shouldRunBless" : 0,
      "outputAbbreviatedPath" : "\/css\/_992.css",
      "fileType" : 2,
      "debugStyle" : 0
    },
    "\/scss-compass\/320andup-scss-compass.scss" : {
      "ignoreWasSetByUser" : 0,
      "ignore" : 0,
      "hidden" : 0,
      "outputPathIsSetByUser" : 0,
      "inputAbbreviatedPath" : "\/scss-compass\/320andup-scss-compass.scss",
      "outputStyle" : 0,
      "shouldRunBless" : 0,
      "outputAbbreviatedPath" : "\/css\/320andup-scss-compass.css",
      "fileType" : 4,
      "debugStyle" : 0
    },
    "\/less\/upstarts\/320andup-panels\/upstart.less" : {
      "ignoreWasSetByUser" : 0,
      "ignore" : 1,
      "hidden" : 0,
      "outputPathIsSetByUser" : 0,
      "inputAbbreviatedPath" : "\/less\/upstarts\/320andup-panels\/upstart.less",
      "outputStyle" : 0,
      "shouldRunBless" : 0,
      "outputAbbreviatedPath" : "\/less\/upstarts\/css\/upstart.css",
      "strictImports" : 0,
      "fileType" : 1,
      "debugStyle" : 0
    },
    "\/scss-compass\/_buttons.scss" : {
      "ignoreWasSetByUser" : 0,
      "ignore" : 1,
      "hidden" : 0,
      "outputPathIsSetByUser" : 0,
      "inputAbbreviatedPath" : "\/scss-compass\/_buttons.scss",
      "outputStyle" : 0,
      "shouldRunBless" : 0,
      "outputAbbreviatedPath" : "\/css\/_buttons.css",
      "fileType" : 4,
      "debugStyle" : 0
    },
    "\/scss\/_600.scss" : {
      "ignoreWasSetByUser" : 0,
      "ignore" : 1,
      "hidden" : 0,
      "outputPathIsSetByUser" : 0,
      "inputAbbreviatedPath" : "\/scss\/_600.scss",
      "outputStyle" : 0,
      "shouldRunBless" : 0,
      "outputAbbreviatedPath" : "\/css\/_600.css",
      "fileType" : 4,
      "debugStyle" : 0
    },
    "\/sass-compass\/_site.sass" : {
      "ignoreWasSetByUser" : 0,
      "ignore" : 0,
      "hidden" : 0,
      "outputPathIsSetByUser" : 0,
      "inputAbbreviatedPath" : "\/sass-compass\/_site.sass",
      "outputStyle" : 0,
      "shouldRunBless" : 0,
      "outputAbbreviatedPath" : "\/css\/_site.css",
      "fileType" : 2,
      "debugStyle" : 0
    },
    "\/scss\/upstarts\/320andup-modules\/_upstart.scss" : {
      "ignoreWasSetByUser" : 0,
      "ignore" : 1,
      "hidden" : 0,
      "outputPathIsSetByUser" : 0,
      "inputAbbreviatedPath" : "\/scss\/upstarts\/320andup-modules\/_upstart.scss",
      "outputStyle" : 0,
      "shouldRunBless" : 0,
      "outputAbbreviatedPath" : "\/scss\/upstarts\/css\/_upstart.css",
      "fileType" : 4,
      "debugStyle" : 0
    },
    "\/sass\/_2x.sass" : {
      "ignoreWasSetByUser" : 0,
      "ignore" : 0,
      "hidden" : 0,
      "outputPathIsSetByUser" : 0,
      "inputAbbreviatedPath" : "\/sass\/_2x.sass",
      "outputStyle" : 0,
      "shouldRunBless" : 0,
      "outputAbbreviatedPath" : "\/css\/_2x.css",
      "fileType" : 2,
      "debugStyle" : 0
    },
    "\/scss-compass\/_600.scss" : {
      "ignoreWasSetByUser" : 0,
      "ignore" : 1,
      "hidden" : 0,
      "outputPathIsSetByUser" : 0,
      "inputAbbreviatedPath" : "\/scss-compass\/_600.scss",
      "outputStyle" : 0,
      "shouldRunBless" : 0,
      "outputAbbreviatedPath" : "\/css\/_600.css",
      "fileType" : 4,
      "debugStyle" : 0
    },
    "\/less\/320andup.less" : {
      "ignoreWasSetByUser" : 0,
      "ignore" : 0,
      "hidden" : 0,
      "outputPathIsSetByUser" : 0,
      "inputAbbreviatedPath" : "\/less\/320andup.less",
      "outputStyle" : 0,
      "shouldRunBless" : 0,
      "outputAbbreviatedPath" : "\/css\/320andup.css",
      "strictImports" : 0,
      "fileType" : 1,
      "debugStyle" : 0
    },
    "\/sass\/upstarts\/320andup-panels\/_upstart.sass" : {
      "ignoreWasSetByUser" : 0,
      "ignore" : 0,
      "hidden" : 0,
      "outputPathIsSetByUser" : 0,
      "inputAbbreviatedPath" : "\/sass\/upstarts\/320andup-panels\/_upstart.sass",
      "outputStyle" : 0,
      "shouldRunBless" : 0,
      "outputAbbreviatedPath" : "\/sass\/upstarts\/css\/_upstart.css",
      "fileType" : 2,
      "debugStyle" : 0
    },
    "\/sass\/_tables.sass" : {
      "ignoreWasSetByUser" : 0,
      "ignore" : 0,
      "hidden" : 0,
      "outputPathIsSetByUser" : 0,
      "inputAbbreviatedPath" : "\/sass\/_tables.sass",
      "outputStyle" : 0,
      "shouldRunBless" : 0,
      "outputAbbreviatedPath" : "\/css\/_tables.css",
      "fileType" : 2,
      "debugStyle" : 0
    },
    "\/scss\/_texture.scss" : {
      "ignoreWasSetByUser" : 0,
      "ignore" : 1,
      "hidden" : 0,
      "outputPathIsSetByUser" : 0,
      "inputAbbreviatedPath" : "\/scss\/_texture.scss",
      "outputStyle" : 0,
      "shouldRunBless" : 0,
      "outputAbbreviatedPath" : "\/css\/_texture.css",
      "fileType" : 4,
      "debugStyle" : 0
    },
    "\/scss-compass\/upstarts\/320andup-modules\/_upstart.scss" : {
      "ignoreWasSetByUser" : 0,
      "ignore" : 1,
      "hidden" : 0,
      "outputPathIsSetByUser" : 0,
      "inputAbbreviatedPath" : "\/scss-compass\/upstarts\/320andup-modules\/_upstart.scss",
      "outputStyle" : 0,
      "shouldRunBless" : 0,
      "outputAbbreviatedPath" : "\/scss-compass\/upstarts\/css\/_upstart.css",
      "fileType" : 4,
      "debugStyle" : 0
    },
    "\/less\/1382.less" : {
      "ignoreWasSetByUser" : 0,
      "ignore" : 1,
      "hidden" : 0,
      "outputPathIsSetByUser" : 0,
      "inputAbbreviatedPath" : "\/less\/1382.less",
      "outputStyle" : 0,
      "shouldRunBless" : 0,
      "outputAbbreviatedPath" : "\/css\/1382.css",
      "strictImports" : 0,
      "fileType" : 1,
      "debugStyle" : 0
    },
    "\/sass\/_mixins.sass" : {
      "ignoreWasSetByUser" : 0,
      "ignore" : 0,
      "hidden" : 0,
      "outputPathIsSetByUser" : 0,
      "inputAbbreviatedPath" : "\/sass\/_mixins.sass",
      "outputStyle" : 0,
      "shouldRunBless" : 0,
      "outputAbbreviatedPath" : "\/css\/_mixins.css",
      "fileType" : 2,
      "debugStyle" : 0
    },
    "\/sass-compass\/upstarts\/320andup-modules\/index.html" : {
      "ignoreWasSetByUser" : 0,
      "ignore" : 0,
      "hidden" : 0,
      "outputPathIsSetByUser" : 0,
      "inputAbbreviatedPath" : "\/sass-compass\/upstarts\/320andup-modules\/index.html",
      "outputAbbreviatedPath" : "No Output Path",
      "fileType" : 2048
    },
    "\/scss-compass\/_modernizr.scss" : {
      "ignoreWasSetByUser" : 0,
      "ignore" : 1,
      "hidden" : 0,
      "outputPathIsSetByUser" : 0,
      "inputAbbreviatedPath" : "\/scss-compass\/_modernizr.scss",
      "outputStyle" : 0,
      "shouldRunBless" : 0,
      "outputAbbreviatedPath" : "\/css\/_modernizr.css",
      "fileType" : 4,
      "debugStyle" : 0
    },
    "\/sass\/_font-awesome.sass" : {
      "ignoreWasSetByUser" : 0,
      "ignore" : 0,
      "hidden" : 0,
      "outputPathIsSetByUser" : 0,
      "inputAbbreviatedPath" : "\/sass\/_font-awesome.sass",
      "outputStyle" : 0,
      "shouldRunBless" : 0,
      "outputAbbreviatedPath" : "\/css\/_font-awesome.css",
      "fileType" : 2,
      "debugStyle" : 0
    },
    "\/sass-compass\/_600.sass" : {
      "ignoreWasSetByUser" : 0,
      "ignore" : 0,
      "hidden" : 0,
      "outputPathIsSetByUser" : 0,
      "inputAbbreviatedPath" : "\/sass-compass\/_600.sass",
      "outputStyle" : 0,
      "shouldRunBless" : 0,
      "outputAbbreviatedPath" : "\/css\/_600.css",
      "fileType" : 2,
      "debugStyle" : 0
    },
    "\/less\/colour.less" : {
      "ignoreWasSetByUser" : 0,
      "ignore" : 1,
      "hidden" : 0,
      "outputPathIsSetByUser" : 0,
      "inputAbbreviatedPath" : "\/less\/colour.less",
      "outputStyle" : 0,
      "shouldRunBless" : 0,
      "outputAbbreviatedPath" : "\/css\/colour.css",
      "strictImports" : 0,
      "fileType" : 1,
      "debugStyle" : 0
    },
    "\/scss\/_1382.scss" : {
      "ignoreWasSetByUser" : 0,
      "ignore" : 1,
      "hidden" : 0,
      "outputPathIsSetByUser" : 0,
      "inputAbbreviatedPath" : "\/scss\/_1382.scss",
      "outputStyle" : 0,
      "shouldRunBless" : 0,
      "outputAbbreviatedPath" : "\/css\/_1382.css",
      "fileType" : 4,
      "debugStyle" : 0
    },
    "\/scss-compass\/upstarts\/320andup-panels\/_upstart.scss" : {
      "ignoreWasSetByUser" : 0,
      "ignore" : 1,
      "hidden" : 0,
      "outputPathIsSetByUser" : 0,
      "inputAbbreviatedPath" : "\/scss-compass\/upstarts\/320andup-panels\/_upstart.scss",
      "outputStyle" : 0,
      "shouldRunBless" : 0,
      "outputAbbreviatedPath" : "\/scss-compass\/upstarts\/css\/_upstart.css",
      "fileType" : 4,
      "debugStyle" : 0
    },
    "\/less\/tables.less" : {
      "ignoreWasSetByUser" : 0,
      "ignore" : 1,
      "hidden" : 0,
      "outputPathIsSetByUser" : 0,
      "inputAbbreviatedPath" : "\/less\/tables.less",
      "outputStyle" : 0,
      "shouldRunBless" : 0,
      "outputAbbreviatedPath" : "\/css\/tables.css",
      "strictImports" : 0,
      "fileType" : 1,
      "debugStyle" : 0
    },
    "\/sass\/_modernizr.sass" : {
      "ignoreWasSetByUser" : 0,
      "ignore" : 1,
      "hidden" : 0,
      "outputPathIsSetByUser" : 0,
      "inputAbbreviatedPath" : "\/sass\/_modernizr.sass",
      "outputStyle" : 0,
      "shouldRunBless" : 0,
      "outputAbbreviatedPath" : "\/css\/_modernizr.css",
      "fileType" : 2,
      "debugStyle" : 0
    },
    "\/less\/2x.less" : {
      "ignoreWasSetByUser" : 0,
      "ignore" : 1,
      "hidden" : 0,
      "outputPathIsSetByUser" : 0,
      "inputAbbreviatedPath" : "\/less\/2x.less",
      "outputStyle" : 0,
      "shouldRunBless" : 0,
      "outputAbbreviatedPath" : "\/css\/2x.css",
      "strictImports" : 0,
      "fileType" : 1,
      "debugStyle" : 0
    },
    "\/sass-compass\/_tables.sass" : {
      "ignoreWasSetByUser" : 0,
      "ignore" : 0,
      "hidden" : 0,
      "outputPathIsSetByUser" : 0,
      "inputAbbreviatedPath" : "\/sass-compass\/_tables.sass",
      "outputStyle" : 0,
      "shouldRunBless" : 0,
      "outputAbbreviatedPath" : "\/css\/_tables.css",
      "fileType" : 2,
      "debugStyle" : 0
    },
    "\/scss\/_modernizr.scss" : {
      "ignoreWasSetByUser" : 0,
      "ignore" : 1,
      "hidden" : 0,
      "outputPathIsSetByUser" : 0,
      "inputAbbreviatedPath" : "\/scss\/_modernizr.scss",
      "outputStyle" : 0,
      "shouldRunBless" : 0,
      "outputAbbreviatedPath" : "\/css\/_modernizr.css",
      "fileType" : 4,
      "debugStyle" : 0
    },
    "\/scss-compass\/_reset.scss" : {
      "ignoreWasSetByUser" : 0,
      "ignore" : 1,
      "hidden" : 0,
      "outputPathIsSetByUser" : 0,
      "inputAbbreviatedPath" : "\/scss-compass\/_reset.scss",
      "outputStyle" : 0,
      "shouldRunBless" : 0,
      "outputAbbreviatedPath" : "\/css\/_reset.css",
      "fileType" : 4,
      "debugStyle" : 0
    },
    "\/scss\/_768.scss" : {
      "ignoreWasSetByUser" : 0,
      "ignore" : 1,
      "hidden" : 0,
      "outputPathIsSetByUser" : 0,
      "inputAbbreviatedPath" : "\/scss\/_768.scss",
      "outputStyle" : 0,
      "shouldRunBless" : 0,
      "outputAbbreviatedPath" : "\/css\/_768.css",
      "fileType" : 4,
      "debugStyle" : 0
    },
    "\/scss-compass\/_print.scss" : {
      "ignoreWasSetByUser" : 0,
      "ignore" : 1,
      "hidden" : 0,
      "outputPathIsSetByUser" : 0,
      "inputAbbreviatedPath" : "\/scss-compass\/_print.scss",
      "outputStyle" : 0,
      "shouldRunBless" : 0,
      "outputAbbreviatedPath" : "\/css\/_print.css",
      "fileType" : 4,
      "debugStyle" : 0
    },
    "\/scss\/upstarts\/320andup-modules\/index.html" : {
      "ignoreWasSetByUser" : 0,
      "ignore" : 0,
      "hidden" : 0,
      "outputPathIsSetByUser" : 0,
      "inputAbbreviatedPath" : "\/scss\/upstarts\/320andup-modules\/index.html",
      "outputAbbreviatedPath" : "No Output Path",
      "fileType" : 2048
    },
    "\/sass-compass\/_buttons.sass" : {
      "ignoreWasSetByUser" : 0,
      "ignore" : 0,
      "hidden" : 0,
      "outputPathIsSetByUser" : 0,
      "inputAbbreviatedPath" : "\/sass-compass\/_buttons.sass",
      "outputStyle" : 0,
      "shouldRunBless" : 0,
      "outputAbbreviatedPath" : "\/css\/_buttons.css",
      "fileType" : 2,
      "debugStyle" : 0
    },
    "\/sass\/upstarts\/320andup-display-table\/index.html" : {
      "ignoreWasSetByUser" : 0,
      "ignore" : 0,
      "hidden" : 0,
      "outputPathIsSetByUser" : 0,
      "inputAbbreviatedPath" : "\/sass\/upstarts\/320andup-display-table\/index.html",
      "outputAbbreviatedPath" : "No Output Path",
      "fileType" : 2048
    },
    "\/img\/startup\/startup-retina.png" : {
      "ignoreWasSetByUser" : 0,
      "ignore" : 0,
      "hidden" : 0,
      "outputPathIsSetByUser" : 0,
      "inputAbbreviatedPath" : "\/img\/startup\/startup-retina.png",
      "processed" : 0,
      "outputAbbreviatedPath" : "\/img\/startup\/startup-retina.png",
      "initialSize" : 59301,
      "fileType" : 8192
    },
    "\/scss\/320andup-scss.scss" : {
      "ignoreWasSetByUser" : 0,
      "ignore" : 0,
      "hidden" : 0,
      "outputPathIsSetByUser" : 0,
      "inputAbbreviatedPath" : "\/scss\/320andup-scss.scss",
      "outputStyle" : 0,
      "shouldRunBless" : 0,
      "outputAbbreviatedPath" : "\/css\/320andup-scss.css",
      "fileType" : 4,
      "debugStyle" : 0
    },
    "\/scss\/_992.scss" : {
      "ignoreWasSetByUser" : 0,
      "ignore" : 1,
      "hidden" : 0,
      "outputPathIsSetByUser" : 0,
      "inputAbbreviatedPath" : "\/scss\/_992.scss",
      "outputStyle" : 0,
      "shouldRunBless" : 0,
      "outputAbbreviatedPath" : "\/css\/_992.css",
      "fileType" : 4,
      "debugStyle" : 0
    },
    "\/js\/bootstrap.js" : {
      "ignoreWasSetByUser" : 0,
      "ignore" : 1,
      "hidden" : 0,
      "outputPathIsSetByUser" : 0,
      "inputAbbreviatedPath" : "\/js\/bootstrap.js",
      "outputStyle" : 1,
      "syntaxCheckerStyle" : 1,
      "outputAbbreviatedPath" : "\/js\/bootstrap-ck.js",
      "fileType" : 64
    },
    "\/less\/page.less" : {
      "ignoreWasSetByUser" : 0,
      "ignore" : 1,
      "hidden" : 0,
      "outputPathIsSetByUser" : 0,
      "inputAbbreviatedPath" : "\/less\/page.less",
      "outputStyle" : 0,
      "shouldRunBless" : 0,
      "outputAbbreviatedPath" : "\/css\/page.css",
      "strictImports" : 0,
      "fileType" : 1,
      "debugStyle" : 0
    },
    "\/sass-compass\/upstarts\/320andup-panels\/_upstart.sass" : {
      "ignoreWasSetByUser" : 0,
      "ignore" : 0,
      "hidden" : 0,
      "outputPathIsSetByUser" : 0,
      "inputAbbreviatedPath" : "\/sass-compass\/upstarts\/320andup-panels\/_upstart.sass",
      "outputStyle" : 0,
      "shouldRunBless" : 0,
      "outputAbbreviatedPath" : "\/sass-compass\/upstarts\/css\/_upstart.css",
      "fileType" : 2,
      "debugStyle" : 0
    },
    "\/sass\/_600.sass" : {
      "ignoreWasSetByUser" : 0,
      "ignore" : 0,
      "hidden" : 0,
      "outputPathIsSetByUser" : 0,
      "inputAbbreviatedPath" : "\/sass\/_600.sass",
      "outputStyle" : 0,
      "shouldRunBless" : 0,
      "outputAbbreviatedPath" : "\/css\/_600.css",
      "fileType" : 2,
      "debugStyle" : 0
    },
    "\/img\/startup\/startup.png" : {
      "ignoreWasSetByUser" : 0,
      "ignore" : 0,
      "hidden" : 0,
      "outputPathIsSetByUser" : 0,
      "inputAbbreviatedPath" : "\/img\/startup\/startup.png",
      "processed" : 0,
      "outputAbbreviatedPath" : "\/img\/startup\/startup.png",
      "initialSize" : 58311,
      "fileType" : 8192
    },
    "\/css\/320andup-sass.css" : {
      "ignoreWasSetByUser" : 0,
      "ignore" : 1,
      "hidden" : 0,
      "outputPathIsSetByUser" : 0,
      "inputAbbreviatedPath" : "\/css\/320andup-sass.css",
      "outputAbbreviatedPath" : "No Output Path",
      "fileType" : 16
    },
    "\/scss-compass\/_colour.scss" : {
      "ignoreWasSetByUser" : 0,
      "ignore" : 1,
      "hidden" : 0,
      "outputPathIsSetByUser" : 0,
      "inputAbbreviatedPath" : "\/scss-compass\/_colour.scss",
      "outputStyle" : 0,
      "shouldRunBless" : 0,
      "outputAbbreviatedPath" : "\/css\/_colour.css",
      "fileType" : 4,
      "debugStyle" : 0
    },
    "\/sass-compass\/_2x.sass" : {
      "ignoreWasSetByUser" : 0,
      "ignore" : 0,
      "hidden" : 0,
      "outputPathIsSetByUser" : 0,
      "inputAbbreviatedPath" : "\/sass-compass\/_2x.sass",
      "outputStyle" : 0,
      "shouldRunBless" : 0,
      "outputAbbreviatedPath" : "\/css\/_2x.css",
      "fileType" : 2,
      "debugStyle" : 0
    },
    "\/sass\/_page.sass" : {
      "ignoreWasSetByUser" : 0,
      "ignore" : 0,
      "hidden" : 0,
      "outputPathIsSetByUser" : 0,
      "inputAbbreviatedPath" : "\/sass\/_page.sass",
      "outputStyle" : 0,
      "shouldRunBless" : 0,
      "outputAbbreviatedPath" : "\/css\/_page.css",
      "fileType" : 2,
      "debugStyle" : 0
    },
    "\/scss\/upstarts\/320andup-display-table\/index.html" : {
      "ignoreWasSetByUser" : 0,
      "ignore" : 0,
      "hidden" : 0,
      "outputPathIsSetByUser" : 0,
      "inputAbbreviatedPath" : "\/scss\/upstarts\/320andup-display-table\/index.html",
      "outputAbbreviatedPath" : "No Output Path",
      "fileType" : 2048
    },
    "\/img\/startup\/startup-tablet-portrait.png" : {
      "ignoreWasSetByUser" : 0,
      "ignore" : 0,
      "hidden" : 0,
      "outputPathIsSetByUser" : 0,
      "inputAbbreviatedPath" : "\/img\/startup\/startup-tablet-portrait.png",
      "processed" : 0,
      "outputAbbreviatedPath" : "\/img\/startup\/startup-tablet-portrait.png",
      "initialSize" : 60515,
      "fileType" : 8192
    },
    "\/sass\/_typography.sass" : {
      "ignoreWasSetByUser" : 0,
      "ignore" : 0,
      "hidden" : 0,
      "outputPathIsSetByUser" : 0,
      "inputAbbreviatedPath" : "\/sass\/_typography.sass",
      "outputStyle" : 0,
      "shouldRunBless" : 0,
      "outputAbbreviatedPath" : "\/css\/_typography.css",
      "fileType" : 2,
      "debugStyle" : 0
    },
    "\/scss\/_elements.scss" : {
      "ignoreWasSetByUser" : 0,
      "ignore" : 1,
      "hidden" : 0,
      "outputPathIsSetByUser" : 0,
      "inputAbbreviatedPath" : "\/scss\/_elements.scss",
      "outputStyle" : 0,
      "shouldRunBless" : 0,
      "outputAbbreviatedPath" : "\/css\/_elements.css",
      "fileType" : 4,
      "debugStyle" : 0
    },
    "\/scss-compass\/upstarts\/320andup-panels\/index.html" : {
      "ignoreWasSetByUser" : 0,
      "ignore" : 0,
      "hidden" : 0,
      "outputPathIsSetByUser" : 0,
      "inputAbbreviatedPath" : "\/scss-compass\/upstarts\/320andup-panels\/index.html",
      "outputAbbreviatedPath" : "No Output Path",
      "fileType" : 2048
    },
    "\/less\/reset.less" : {
      "ignoreWasSetByUser" : 0,
      "ignore" : 1,
      "hidden" : 0,
      "outputPathIsSetByUser" : 0,
      "inputAbbreviatedPath" : "\/less\/reset.less",
      "outputStyle" : 0,
      "shouldRunBless" : 0,
      "outputAbbreviatedPath" : "\/css\/reset.css",
      "strictImports" : 0,
      "fileType" : 1,
      "debugStyle" : 0
    },
    "\/less\/upstarts\/320andup-modules\/example.html" : {
      "ignoreWasSetByUser" : 0,
      "ignore" : 0,
      "hidden" : 0,
      "outputPathIsSetByUser" : 0,
      "inputAbbreviatedPath" : "\/less\/upstarts\/320andup-modules\/example.html",
      "outputAbbreviatedPath" : "No Output Path",
      "fileType" : 2048
    },
    "\/scss\/_forms.scss" : {
      "ignoreWasSetByUser" : 0,
      "ignore" : 1,
      "hidden" : 0,
      "outputPathIsSetByUser" : 0,
      "inputAbbreviatedPath" : "\/scss\/_forms.scss",
      "outputStyle" : 0,
      "shouldRunBless" : 0,
      "outputAbbreviatedPath" : "\/css\/_forms.css",
      "fileType" : 4,
      "debugStyle" : 0
    },
    "\/scss-compass\/_typography.scss" : {
      "ignoreWasSetByUser" : 0,
      "ignore" : 1,
      "hidden" : 0,
      "outputPathIsSetByUser" : 0,
      "inputAbbreviatedPath" : "\/scss-compass\/_typography.scss",
      "outputStyle" : 0,
      "shouldRunBless" : 0,
      "outputAbbreviatedPath" : "\/css\/_typography.css",
      "fileType" : 4,
      "debugStyle" : 0
    },
    "\/sass\/_site.sass" : {
      "ignoreWasSetByUser" : 0,
      "ignore" : 0,
      "hidden" : 0,
      "outputPathIsSetByUser" : 0,
      "inputAbbreviatedPath" : "\/sass\/_site.sass",
      "outputStyle" : 0,
      "shouldRunBless" : 0,
      "outputAbbreviatedPath" : "\/css\/_site.css",
      "fileType" : 2,
      "debugStyle" : 0
    },
    "\/js\/script.js" : {
      "ignoreWasSetByUser" : 0,
      "ignore" : 0,
      "hidden" : 0,
      "outputPathIsSetByUser" : 0,
      "inputAbbreviatedPath" : "\/js\/script.js",
      "outputStyle" : 1,
      "syntaxCheckerStyle" : 1,
      "outputAbbreviatedPath" : "\/js\/script-ck.js",
      "fileType" : 64
    },
    "\/less\/upstarts\/320andup-display-table\/index.html" : {
      "ignoreWasSetByUser" : 0,
      "ignore" : 0,
      "hidden" : 0,
      "outputPathIsSetByUser" : 0,
      "inputAbbreviatedPath" : "\/less\/upstarts\/320andup-display-table\/index.html",
      "outputAbbreviatedPath" : "No Output Path",
      "fileType" : 2048
    },
    "\/scss\/upstarts\/320andup-panels\/_upstart.scss" : {
      "ignoreWasSetByUser" : 0,
      "ignore" : 1,
      "hidden" : 0,
      "outputPathIsSetByUser" : 0,
      "inputAbbreviatedPath" : "\/scss\/upstarts\/320andup-panels\/_upstart.scss",
      "outputStyle" : 0,
      "shouldRunBless" : 0,
      "outputAbbreviatedPath" : "\/scss\/upstarts\/css\/_upstart.css",
      "fileType" : 4,
      "debugStyle" : 0
    },
    "\/scss-compass\/_forms.scss" : {
      "ignoreWasSetByUser" : 0,
      "ignore" : 1,
      "hidden" : 0,
      "outputPathIsSetByUser" : 0,
      "inputAbbreviatedPath" : "\/scss-compass\/_forms.scss",
      "outputStyle" : 0,
      "shouldRunBless" : 0,
      "outputAbbreviatedPath" : "\/css\/_forms.css",
      "fileType" : 4,
      "debugStyle" : 0
    },
    "\/scss\/_reset.scss" : {
      "ignoreWasSetByUser" : 0,
      "ignore" : 1,
      "hidden" : 0,
      "outputPathIsSetByUser" : 0,
      "inputAbbreviatedPath" : "\/scss\/_reset.scss",
      "outputStyle" : 0,
      "shouldRunBless" : 0,
      "outputAbbreviatedPath" : "\/css\/_reset.css",
      "fileType" : 4,
      "debugStyle" : 0
    },
    "\/scss\/_tables.scss" : {
      "ignoreWasSetByUser" : 0,
      "ignore" : 1,
      "hidden" : 0,
      "outputPathIsSetByUser" : 0,
      "inputAbbreviatedPath" : "\/scss\/_tables.scss",
      "outputStyle" : 0,
      "shouldRunBless" : 0,
      "outputAbbreviatedPath" : "\/css\/_tables.css",
      "fileType" : 4,
      "debugStyle" : 0
    },
    "\/js\/plugins.js" : {
      "ignoreWasSetByUser" : 0,
      "ignore" : 0,
      "hidden" : 0,
      "outputPathIsSetByUser" : 0,
      "inputAbbreviatedPath" : "\/js\/plugins.js",
      "outputStyle" : 1,
      "syntaxCheckerStyle" : 1,
      "outputAbbreviatedPath" : "\/js\/plugins-ck.js",
      "fileType" : 64
    },
    "\/scss-compass\/_site.scss" : {
      "ignoreWasSetByUser" : 0,
      "ignore" : 1,
      "hidden" : 0,
      "outputPathIsSetByUser" : 0,
      "inputAbbreviatedPath" : "\/scss-compass\/_site.scss",
      "outputStyle" : 0,
      "shouldRunBless" : 0,
      "outputAbbreviatedPath" : "\/css\/_site.css",
      "fileType" : 4,
      "debugStyle" : 0
    },
    "\/scss-compass\/_page.scss" : {
      "ignoreWasSetByUser" : 0,
      "ignore" : 1,
      "hidden" : 0,
      "outputPathIsSetByUser" : 0,
      "inputAbbreviatedPath" : "\/scss-compass\/_page.scss",
      "outputStyle" : 0,
      "shouldRunBless" : 0,
      "outputAbbreviatedPath" : "\/css\/_page.css",
      "fileType" : 4,
      "debugStyle" : 0
    },
    "\/scss\/_2x.scss" : {
      "ignoreWasSetByUser" : 0,
      "ignore" : 1,
      "hidden" : 0,
      "outputPathIsSetByUser" : 0,
      "inputAbbreviatedPath" : "\/scss\/_2x.scss",
      "outputStyle" : 0,
      "shouldRunBless" : 0,
      "outputAbbreviatedPath" : "\/css\/_2x.css",
      "fileType" : 4,
      "debugStyle" : 0
    },
    "\/responsive.html" : {
      "ignoreWasSetByUser" : 0,
      "ignore" : 0,
      "hidden" : 0,
      "outputPathIsSetByUser" : 0,
      "inputAbbreviatedPath" : "\/responsive.html",
      "outputAbbreviatedPath" : "No Output Path",
      "fileType" : 2048
    },
    "\/img\/410x230.png" : {
      "ignoreWasSetByUser" : 0,
      "ignore" : 0,
      "hidden" : 0,
      "outputPathIsSetByUser" : 0,
      "inputAbbreviatedPath" : "\/img\/410x230.png",
      "processed" : 0,
      "outputAbbreviatedPath" : "\/img\/410x230.png",
      "initialSize" : 2104,
      "fileType" : 8192
    },
    "\/img\/176x176.png" : {
      "ignoreWasSetByUser" : 0,
      "ignore" : 0,
      "hidden" : 0,
      "outputPathIsSetByUser" : 0,
      "inputAbbreviatedPath" : "\/img\/176x176.png",
      "processed" : 0,
      "outputAbbreviatedPath" : "\/img\/176x176.png",
      "initialSize" : 1391,
      "fileType" : 8192
    },
    "\/sass\/_colour.sass" : {
      "ignoreWasSetByUser" : 0,
      "ignore" : 0,
      "hidden" : 0,
      "outputPathIsSetByUser" : 0,
      "inputAbbreviatedPath" : "\/sass\/_colour.sass",
      "outputStyle" : 0,
      "shouldRunBless" : 0,
      "outputAbbreviatedPath" : "\/css\/_colour.css",
      "fileType" : 2,
      "debugStyle" : 0
    },
    "\/less\/buttons.less" : {
      "ignoreWasSetByUser" : 0,
      "ignore" : 1,
      "hidden" : 0,
      "outputPathIsSetByUser" : 0,
      "inputAbbreviatedPath" : "\/less\/buttons.less",
      "outputStyle" : 0,
      "shouldRunBless" : 0,
      "outputAbbreviatedPath" : "\/css\/buttons.css",
      "strictImports" : 0,
      "fileType" : 1,
      "debugStyle" : 0
    },
    "\/sass\/_1382.sass" : {
      "ignoreWasSetByUser" : 0,
      "ignore" : 0,
      "hidden" : 0,
      "outputPathIsSetByUser" : 0,
      "inputAbbreviatedPath" : "\/sass\/_1382.sass",
      "outputStyle" : 0,
      "shouldRunBless" : 0,
      "outputAbbreviatedPath" : "\/css\/_1382.css",
      "fileType" : 2,
      "debugStyle" : 0
    },
    "\/sass\/_992.sass" : {
      "ignoreWasSetByUser" : 0,
      "ignore" : 0,
      "hidden" : 0,
      "outputPathIsSetByUser" : 0,
      "inputAbbreviatedPath" : "\/sass\/_992.sass",
      "outputStyle" : 0,
      "shouldRunBless" : 0,
      "outputAbbreviatedPath" : "\/css\/_992.css",
      "fileType" : 2,
      "debugStyle" : 0
    },
    "\/responsive-type.php" : {
      "ignoreWasSetByUser" : 0,
      "ignore" : 0,
      "hidden" : 0,
      "outputPathIsSetByUser" : 0,
      "inputAbbreviatedPath" : "\/responsive-type.php",
      "outputAbbreviatedPath" : "No Output Path",
      "fileType" : 2048
    },
    "\/sass\/_forms.sass" : {
      "ignoreWasSetByUser" : 0,
      "ignore" : 0,
      "hidden" : 0,
      "outputPathIsSetByUser" : 0,
      "inputAbbreviatedPath" : "\/sass\/_forms.sass",
      "outputStyle" : 0,
      "shouldRunBless" : 0,
      "outputAbbreviatedPath" : "\/css\/_forms.css",
      "fileType" : 2,
      "debugStyle" : 0
    },
    "\/scss\/_font-awesome.scss" : {
      "ignoreWasSetByUser" : 0,
      "ignore" : 1,
      "hidden" : 0,
      "outputPathIsSetByUser" : 0,
      "inputAbbreviatedPath" : "\/scss\/_font-awesome.scss",
      "outputStyle" : 0,
      "shouldRunBless" : 0,
      "outputAbbreviatedPath" : "\/css\/_font-awesome.css",
      "fileType" : 4,
      "debugStyle" : 0
    },
    "\/scss\/_site.scss" : {
      "ignoreWasSetByUser" : 0,
      "ignore" : 1,
      "hidden" : 0,
      "outputPathIsSetByUser" : 0,
      "inputAbbreviatedPath" : "\/scss\/_site.scss",
      "outputStyle" : 0,
      "shouldRunBless" : 0,
      "outputAbbreviatedPath" : "\/css\/_site.css",
      "fileType" : 4,
      "debugStyle" : 0
    },
    "\/sass\/_buttons.sass" : {
      "ignoreWasSetByUser" : 0,
      "ignore" : 0,
      "hidden" : 0,
      "outputPathIsSetByUser" : 0,
      "inputAbbreviatedPath" : "\/sass\/_buttons.sass",
      "outputStyle" : 0,
      "shouldRunBless" : 0,
      "outputAbbreviatedPath" : "\/css\/_buttons.css",
      "fileType" : 2,
      "debugStyle" : 0
    },
    "\/scss\/_print.scss" : {
      "ignoreWasSetByUser" : 0,
      "ignore" : 1,
      "hidden" : 0,
      "outputPathIsSetByUser" : 0,
      "inputAbbreviatedPath" : "\/scss\/_print.scss",
      "outputStyle" : 0,
      "shouldRunBless" : 0,
      "outputAbbreviatedPath" : "\/css\/_print.css",
      "fileType" : 4,
      "debugStyle" : 0
    },
    "\/sass\/320andup-sass.sass" : {
      "ignoreWasSetByUser" : 0,
      "ignore" : 0,
      "hidden" : 0,
      "outputPathIsSetByUser" : 0,
      "inputAbbreviatedPath" : "\/sass\/320andup-sass.sass",
      "outputStyle" : 0,
      "shouldRunBless" : 0,
      "outputAbbreviatedPath" : "\/css\/320andup-sass.css",
      "fileType" : 2,
      "debugStyle" : 0
    },
    "\/sass\/_texture.sass" : {
      "ignoreWasSetByUser" : 0,
      "ignore" : 0,
      "hidden" : 0,
      "outputPathIsSetByUser" : 0,
      "inputAbbreviatedPath" : "\/sass\/_texture.sass",
      "outputStyle" : 0,
      "shouldRunBless" : 0,
      "outputAbbreviatedPath" : "\/css\/_texture.css",
      "fileType" : 2,
      "debugStyle" : 0
    },
    "\/sass-compass\/_1382.sass" : {
      "ignoreWasSetByUser" : 0,
      "ignore" : 0,
      "hidden" : 0,
      "outputPathIsSetByUser" : 0,
      "inputAbbreviatedPath" : "\/sass-compass\/_1382.sass",
      "outputStyle" : 0,
      "shouldRunBless" : 0,
      "outputAbbreviatedPath" : "\/css\/_1382.css",
      "fileType" : 2,
      "debugStyle" : 0
    },
    "\/sass\/_reset.sass" : {
      "ignoreWasSetByUser" : 0,
      "ignore" : 0,
      "hidden" : 0,
      "outputPathIsSetByUser" : 0,
      "inputAbbreviatedPath" : "\/sass\/_reset.sass",
      "outputStyle" : 0,
      "shouldRunBless" : 0,
      "outputAbbreviatedPath" : "\/css\/_reset.css",
      "fileType" : 2,
      "debugStyle" : 0
    },
    "\/sass-compass\/320andup-sass-compass.sass" : {
      "ignoreWasSetByUser" : 0,
      "ignore" : 0,
      "hidden" : 0,
      "outputPathIsSetByUser" : 0,
      "inputAbbreviatedPath" : "\/sass-compass\/320andup-sass-compass.sass",
      "outputStyle" : 0,
      "shouldRunBless" : 0,
      "outputAbbreviatedPath" : "\/css\/320andup-sass-compass.css",
      "fileType" : 2,
      "debugStyle" : 0
    },
    "\/less\/mixins.less" : {
      "ignoreWasSetByUser" : 0,
      "ignore" : 1,
      "hidden" : 0,
      "outputPathIsSetByUser" : 0,
      "inputAbbreviatedPath" : "\/less\/mixins.less",
      "outputStyle" : 0,
      "shouldRunBless" : 0,
      "outputAbbreviatedPath" : "\/css\/mixins.css",
      "strictImports" : 0,
      "fileType" : 1,
      "debugStyle" : 0
    },
    "\/sass-compass\/upstarts\/320andup-modules\/example.html" : {
      "ignoreWasSetByUser" : 0,
      "ignore" : 0,
      "hidden" : 0,
      "outputPathIsSetByUser" : 0,
      "inputAbbreviatedPath" : "\/sass-compass\/upstarts\/320andup-modules\/example.html",
      "outputAbbreviatedPath" : "No Output Path",
      "fileType" : 2048
    },
    "\/img\/l\/apple-touch-icon-precomposed.png" : {
      "ignoreWasSetByUser" : 0,
      "ignore" : 0,
      "hidden" : 0,
      "outputPathIsSetByUser" : 0,
      "inputAbbreviatedPath" : "\/img\/l\/apple-touch-icon-precomposed.png",
      "processed" : 0,
      "outputAbbreviatedPath" : "\/img\/l\/apple-touch-icon-precomposed.png",
      "initialSize" : 720,
      "fileType" : 8192
    },
    "\/less\/print.less" : {
      "ignoreWasSetByUser" : 0,
      "ignore" : 1,
      "hidden" : 0,
      "outputPathIsSetByUser" : 0,
      "inputAbbreviatedPath" : "\/less\/print.less",
      "outputStyle" : 0,
      "shouldRunBless" : 0,
      "outputAbbreviatedPath" : "\/css\/print.css",
      "strictImports" : 0,
      "fileType" : 1,
      "debugStyle" : 0
    },
    "\/less\/upstarts\/320andup-display-table\/upstart.less" : {
      "ignoreWasSetByUser" : 0,
      "ignore" : 0,
      "hidden" : 0,
      "outputPathIsSetByUser" : 0,
      "inputAbbreviatedPath" : "\/less\/upstarts\/320andup-display-table\/upstart.less",
      "outputStyle" : 0,
      "shouldRunBless" : 0,
      "outputAbbreviatedPath" : "\/less\/upstarts\/css\/upstart.css",
      "strictImports" : 0,
      "fileType" : 1,
      "debugStyle" : 0
    },
    "\/scss-compass\/_768.scss" : {
      "ignoreWasSetByUser" : 0,
      "ignore" : 1,
      "hidden" : 0,
      "outputPathIsSetByUser" : 0,
      "inputAbbreviatedPath" : "\/scss-compass\/_768.scss",
      "outputStyle" : 0,
      "shouldRunBless" : 0,
      "outputAbbreviatedPath" : "\/css\/_768.css",
      "fileType" : 4,
      "debugStyle" : 0
    },
    "\/scss-compass\/_mixins.scss" : {
      "ignoreWasSetByUser" : 0,
      "ignore" : 1,
      "hidden" : 0,
      "outputPathIsSetByUser" : 0,
      "inputAbbreviatedPath" : "\/scss-compass\/_mixins.scss",
      "outputStyle" : 0,
      "shouldRunBless" : 0,
      "outputAbbreviatedPath" : "\/css\/_mixins.css",
      "fileType" : 4,
      "debugStyle" : 0
    },
    "\/sass\/upstarts\/320andup-modules\/_upstart.sass" : {
      "ignoreWasSetByUser" : 0,
      "ignore" : 0,
      "hidden" : 0,
      "outputPathIsSetByUser" : 0,
      "inputAbbreviatedPath" : "\/sass\/upstarts\/320andup-modules\/_upstart.sass",
      "outputStyle" : 0,
      "shouldRunBless" : 0,
      "outputAbbreviatedPath" : "\/sass\/upstarts\/css\/_upstart.css",
      "fileType" : 2,
      "debugStyle" : 0
    },
    "\/sass\/upstarts\/320andup-modules\/index.html" : {
      "ignoreWasSetByUser" : 0,
      "ignore" : 0,
      "hidden" : 0,
      "outputPathIsSetByUser" : 0,
      "inputAbbreviatedPath" : "\/sass\/upstarts\/320andup-modules\/index.html",
      "outputAbbreviatedPath" : "No Output Path",
      "fileType" : 2048
    },
    "\/less\/variables.less" : {
      "ignoreWasSetByUser" : 0,
      "ignore" : 1,
      "hidden" : 0,
      "outputPathIsSetByUser" : 0,
      "inputAbbreviatedPath" : "\/less\/variables.less",
      "outputStyle" : 0,
      "shouldRunBless" : 0,
      "outputAbbreviatedPath" : "\/css\/variables.css",
      "strictImports" : 0,
      "fileType" : 1,
      "debugStyle" : 0
    },
    "\/sass\/_print.sass" : {
      "ignoreWasSetByUser" : 0,
      "ignore" : 0,
      "hidden" : 0,
      "outputPathIsSetByUser" : 0,
      "inputAbbreviatedPath" : "\/sass\/_print.sass",
      "outputStyle" : 0,
      "shouldRunBless" : 0,
      "outputAbbreviatedPath" : "\/css\/_print.css",
      "fileType" : 2,
      "debugStyle" : 0
    },
    "\/less\/modernizr.less" : {
      "ignoreWasSetByUser" : 0,
      "ignore" : 0,
      "hidden" : 0,
      "outputPathIsSetByUser" : 0,
      "inputAbbreviatedPath" : "\/less\/modernizr.less",
      "outputStyle" : 0,
      "shouldRunBless" : 0,
      "outputAbbreviatedPath" : "\/css\/modernizr.css",
      "strictImports" : 0,
      "fileType" : 1,
      "debugStyle" : 0
    },
    "\/scss-compass\/_2x.scss" : {
      "ignoreWasSetByUser" : 0,
      "ignore" : 1,
      "hidden" : 0,
      "outputPathIsSetByUser" : 0,
      "inputAbbreviatedPath" : "\/scss-compass\/_2x.scss",
      "outputStyle" : 0,
      "shouldRunBless" : 0,
      "outputAbbreviatedPath" : "\/css\/_2x.css",
      "fileType" : 4,
      "debugStyle" : 0
    },
    "\/sass-compass\/_768.sass" : {
      "ignoreWasSetByUser" : 0,
      "ignore" : 0,
      "hidden" : 0,
      "outputPathIsSetByUser" : 0,
      "inputAbbreviatedPath" : "\/sass-compass\/_768.sass",
      "outputStyle" : 0,
      "shouldRunBless" : 0,
      "outputAbbreviatedPath" : "\/css\/_768.css",
      "fileType" : 2,
      "debugStyle" : 0
    },
    "\/js\/selectivizr-min.js" : {
      "ignoreWasSetByUser" : 0,
      "ignore" : 0,
      "hidden" : 0,
      "outputPathIsSetByUser" : 0,
      "inputAbbreviatedPath" : "\/js\/selectivizr-min.js",
      "outputStyle" : 1,
      "syntaxCheckerStyle" : 1,
      "outputAbbreviatedPath" : "\/js\/selectivizr-min-ck.js",
      "fileType" : 64
    },
    "\/scss\/_typography.scss" : {
      "ignoreWasSetByUser" : 0,
      "ignore" : 1,
      "hidden" : 0,
      "outputPathIsSetByUser" : 0,
      "inputAbbreviatedPath" : "\/scss\/_typography.scss",
      "outputStyle" : 0,
      "shouldRunBless" : 0,
      "outputAbbreviatedPath" : "\/css\/_typography.css",
      "fileType" : 4,
      "debugStyle" : 0
    },
    "\/img\/h\/apple-touch-icon.png" : {
      "ignoreWasSetByUser" : 0,
      "ignore" : 0,
      "hidden" : 0,
      "outputPathIsSetByUser" : 0,
      "inputAbbreviatedPath" : "\/img\/h\/apple-touch-icon.png",
      "processed" : 0,
      "outputAbbreviatedPath" : "\/img\/h\/apple-touch-icon.png",
      "initialSize" : 2262,
      "fileType" : 8192
    },
    "\/scss-compass\/upstarts\/320andup-modules\/example.html" : {
      "ignoreWasSetByUser" : 0,
      "ignore" : 0,
      "hidden" : 0,
      "outputPathIsSetByUser" : 0,
      "inputAbbreviatedPath" : "\/scss-compass\/upstarts\/320andup-modules\/example.html",
      "outputAbbreviatedPath" : "No Output Path",
      "fileType" : 2048
    },
    "\/less\/upstarts\/320andup-modules\/upstart.less" : {
      "ignoreWasSetByUser" : 0,
      "ignore" : 1,
      "hidden" : 0,
      "outputPathIsSetByUser" : 0,
      "inputAbbreviatedPath" : "\/less\/upstarts\/320andup-modules\/upstart.less",
      "outputStyle" : 0,
      "shouldRunBless" : 0,
      "outputAbbreviatedPath" : "\/less\/upstarts\/css\/upstart.css",
      "strictImports" : 0,
      "fileType" : 1,
      "debugStyle" : 0
    },
    "\/img\/startup\/startup-tablet-landscape.png" : {
      "ignoreWasSetByUser" : 0,
      "ignore" : 0,
      "hidden" : 0,
      "outputPathIsSetByUser" : 0,
      "inputAbbreviatedPath" : "\/img\/startup\/startup-tablet-landscape.png",
      "processed" : 0,
      "outputAbbreviatedPath" : "\/img\/startup\/startup-tablet-landscape.png",
      "initialSize" : 59157,
      "fileType" : 8192
    },
    "\/sass\/upstarts\/320andup-panels\/index.html" : {
      "ignoreWasSetByUser" : 0,
      "ignore" : 0,
      "hidden" : 0,
      "outputPathIsSetByUser" : 0,
      "inputAbbreviatedPath" : "\/sass\/upstarts\/320andup-panels\/index.html",
      "outputAbbreviatedPath" : "No Output Path",
      "fileType" : 2048
    },
    "\/scss-compass\/_992.scss" : {
      "ignoreWasSetByUser" : 0,
      "ignore" : 1,
      "hidden" : 0,
      "outputPathIsSetByUser" : 0,
      "inputAbbreviatedPath" : "\/scss-compass\/_992.scss",
      "outputStyle" : 0,
      "shouldRunBless" : 0,
      "outputAbbreviatedPath" : "\/css\/_992.css",
      "fileType" : 4,
      "debugStyle" : 0
    },
    "\/img\/h\/apple-touch-icon-144x144-precomposed.png" : {
      "ignoreWasSetByUser" : 0,
      "ignore" : 0,
      "hidden" : 0,
      "outputPathIsSetByUser" : 0,
      "inputAbbreviatedPath" : "\/img\/h\/apple-touch-icon-144x144-precomposed.png",
      "processed" : 0,
      "outputAbbreviatedPath" : "\/img\/h\/apple-touch-icon-144x144-precomposed.png",
      "initialSize" : 1563,
      "fileType" : 8192
    },
    "\/img\/m\/apple-touch-icon.png" : {
      "ignoreWasSetByUser" : 0,
      "ignore" : 0,
      "hidden" : 0,
      "outputPathIsSetByUser" : 0,
      "inputAbbreviatedPath" : "\/img\/m\/apple-touch-icon.png",
      "processed" : 0,
      "outputAbbreviatedPath" : "\/img\/m\/apple-touch-icon.png",
      "initialSize" : 1553,
      "fileType" : 8192
    },
    "\/sass-compass\/upstarts\/320andup-modules\/_upstart.sass" : {
      "ignoreWasSetByUser" : 0,
      "ignore" : 0,
      "hidden" : 0,
      "outputPathIsSetByUser" : 0,
      "inputAbbreviatedPath" : "\/sass-compass\/upstarts\/320andup-modules\/_upstart.sass",
      "outputStyle" : 0,
      "shouldRunBless" : 0,
      "outputAbbreviatedPath" : "\/sass-compass\/upstarts\/css\/_upstart.css",
      "fileType" : 2,
      "debugStyle" : 0
    },
    "\/scss-compass\/_font-awesome.scss" : {
      "ignoreWasSetByUser" : 0,
      "ignore" : 1,
      "hidden" : 0,
      "outputPathIsSetByUser" : 0,
      "inputAbbreviatedPath" : "\/scss-compass\/_font-awesome.scss",
      "outputStyle" : 0,
      "shouldRunBless" : 0,
      "outputAbbreviatedPath" : "\/css\/_font-awesome.css",
      "fileType" : 4,
      "debugStyle" : 0
    },
    "\/img\/placeholder-2.png" : {
      "ignoreWasSetByUser" : 0,
      "ignore" : 0,
      "hidden" : 0,
      "outputPathIsSetByUser" : 0,
      "inputAbbreviatedPath" : "\/img\/placeholder-2.png",
      "processed" : 0,
      "outputAbbreviatedPath" : "\/img\/placeholder-2.png",
      "initialSize" : 17899,
      "fileType" : 8192
    },
    "\/less\/768.less" : {
      "ignoreWasSetByUser" : 0,
      "ignore" : 1,
      "hidden" : 0,
      "outputPathIsSetByUser" : 0,
      "inputAbbreviatedPath" : "\/less\/768.less",
      "outputStyle" : 0,
      "shouldRunBless" : 0,
      "outputAbbreviatedPath" : "\/css\/768.css",
      "strictImports" : 0,
      "fileType" : 1,
      "debugStyle" : 0
    },
    "\/css\/320andup.css" : {
      "ignoreWasSetByUser" : 0,
      "ignore" : 1,
      "hidden" : 0,
      "outputPathIsSetByUser" : 0,
      "inputAbbreviatedPath" : "\/css\/320andup.css",
      "outputAbbreviatedPath" : "No Output Path",
      "fileType" : 16
    },
    "\/scss\/upstarts\/320andup-display-table\/_upstart.scss" : {
      "ignoreWasSetByUser" : 0,
      "ignore" : 1,
      "hidden" : 0,
      "outputPathIsSetByUser" : 0,
      "inputAbbreviatedPath" : "\/scss\/upstarts\/320andup-display-table\/_upstart.scss",
      "outputStyle" : 0,
      "shouldRunBless" : 0,
      "outputAbbreviatedPath" : "\/scss\/upstarts\/css\/_upstart.css",
      "fileType" : 4,
      "debugStyle" : 0
    },
    "\/sass-compass\/_reset.sass" : {
      "ignoreWasSetByUser" : 0,
      "ignore" : 0,
      "hidden" : 0,
      "outputPathIsSetByUser" : 0,
      "inputAbbreviatedPath" : "\/sass-compass\/_reset.sass",
      "outputStyle" : 0,
      "shouldRunBless" : 0,
      "outputAbbreviatedPath" : "\/css\/_reset.css",
      "fileType" : 2,
      "debugStyle" : 0
    },
    "\/img\/l\/apple-touch-icon.png" : {
      "ignoreWasSetByUser" : 0,
      "ignore" : 0,
      "hidden" : 0,
      "outputPathIsSetByUser" : 0,
      "inputAbbreviatedPath" : "\/img\/l\/apple-touch-icon.png",
      "processed" : 0,
      "outputAbbreviatedPath" : "\/img\/l\/apple-touch-icon.png",
      "initialSize" : 720,
      "fileType" : 8192
    },
    "\/sass-compass\/_print.sass" : {
      "ignoreWasSetByUser" : 0,
      "ignore" : 0,
      "hidden" : 0,
      "outputPathIsSetByUser" : 0,
      "inputAbbreviatedPath" : "\/sass-compass\/_print.sass",
      "outputStyle" : 0,
      "shouldRunBless" : 0,
      "outputAbbreviatedPath" : "\/css\/_print.css",
      "fileType" : 2,
      "debugStyle" : 0
    },
    "\/scss\/_colour.scss" : {
      "ignoreWasSetByUser" : 0,
      "ignore" : 1,
      "hidden" : 0,
      "outputPathIsSetByUser" : 0,
      "inputAbbreviatedPath" : "\/scss\/_colour.scss",
      "outputStyle" : 0,
      "shouldRunBless" : 0,
      "outputAbbreviatedPath" : "\/css\/_colour.css",
      "fileType" : 4,
      "debugStyle" : 0
    },
    "\/sass-compass\/_variables.sass" : {
      "ignoreWasSetByUser" : 0,
      "ignore" : 0,
      "hidden" : 0,
      "outputPathIsSetByUser" : 0,
      "inputAbbreviatedPath" : "\/sass-compass\/_variables.sass",
      "outputStyle" : 0,
      "shouldRunBless" : 0,
      "outputAbbreviatedPath" : "\/css\/_variables.css",
      "fileType" : 2,
      "debugStyle" : 0
    },
    "\/index.html" : {
      "ignoreWasSetByUser" : 0,
      "ignore" : 0,
      "hidden" : 0,
      "outputPathIsSetByUser" : 0,
      "inputAbbreviatedPath" : "\/index.html",
      "outputAbbreviatedPath" : "No Output Path",
      "fileType" : 2048
    },
    "\/320andup.html" : {
      "ignoreWasSetByUser" : 0,
      "ignore" : 0,
      "hidden" : 0,
      "outputPathIsSetByUser" : 0,
      "inputAbbreviatedPath" : "\/320andup.html",
      "outputAbbreviatedPath" : "No Output Path",
      "fileType" : 2048
    },
    "\/sass-compass\/_page.sass" : {
      "ignoreWasSetByUser" : 0,
      "ignore" : 0,
      "hidden" : 0,
      "outputPathIsSetByUser" : 0,
      "inputAbbreviatedPath" : "\/sass-compass\/_page.sass",
      "outputStyle" : 0,
      "shouldRunBless" : 0,
      "outputAbbreviatedPath" : "\/css\/_page.css",
      "fileType" : 2,
      "debugStyle" : 0
    },
    "\/scss\/_480.scss" : {
      "ignoreWasSetByUser" : 0,
      "ignore" : 1,
      "hidden" : 0,
      "outputPathIsSetByUser" : 0,
      "inputAbbreviatedPath" : "\/scss\/_480.scss",
      "outputStyle" : 0,
      "shouldRunBless" : 0,
      "outputAbbreviatedPath" : "\/css\/_480.css",
      "fileType" : 4,
      "debugStyle" : 0
    },
    "\/img\/a-rss.png" : {
      "ignoreWasSetByUser" : 0,
      "ignore" : 0,
      "hidden" : 0,
      "outputPathIsSetByUser" : 0,
      "inputAbbreviatedPath" : "\/img\/a-rss.png",
      "processed" : 0,
      "outputAbbreviatedPath" : "\/img\/a-rss.png",
      "initialSize" : 564,
      "fileType" : 8192
    },
    "\/sass-compass\/_colour.sass" : {
      "ignoreWasSetByUser" : 0,
      "ignore" : 0,
      "hidden" : 0,
      "outputPathIsSetByUser" : 0,
      "inputAbbreviatedPath" : "\/sass-compass\/_colour.sass",
      "outputStyle" : 0,
      "shouldRunBless" : 0,
      "outputAbbreviatedPath" : "\/css\/_colour.css",
      "fileType" : 2,
      "debugStyle" : 0
    },
    "\/scss\/_buttons.scss" : {
      "ignoreWasSetByUser" : 0,
      "ignore" : 1,
      "hidden" : 0,
      "outputPathIsSetByUser" : 0,
      "inputAbbreviatedPath" : "\/scss\/_buttons.scss",
      "outputStyle" : 0,
      "shouldRunBless" : 0,
      "outputAbbreviatedPath" : "\/css\/_buttons.css",
      "fileType" : 4,
      "debugStyle" : 0
    },
    "\/scss-compass\/_tables.scss" : {
      "ignoreWasSetByUser" : 0,
      "ignore" : 1,
      "hidden" : 0,
      "outputPathIsSetByUser" : 0,
      "inputAbbreviatedPath" : "\/scss-compass\/_tables.scss",
      "outputStyle" : 0,
      "shouldRunBless" : 0,
      "outputAbbreviatedPath" : "\/css\/_tables.css",
      "fileType" : 4,
      "debugStyle" : 0
    },
    "\/img\/l\/splash.png" : {
      "ignoreWasSetByUser" : 0,
      "ignore" : 0,
      "hidden" : 0,
      "outputPathIsSetByUser" : 0,
      "inputAbbreviatedPath" : "\/img\/l\/splash.png",
      "processed" : 0,
      "outputAbbreviatedPath" : "\/img\/l\/splash.png",
      "initialSize" : 1958,
      "fileType" : 8192
    },
    "\/scss-compass\/upstarts\/320andup-display-table\/_upstart.scss" : {
      "ignoreWasSetByUser" : 0,
      "ignore" : 1,
      "hidden" : 0,
      "outputPathIsSetByUser" : 0,
      "inputAbbreviatedPath" : "\/scss-compass\/upstarts\/320andup-display-table\/_upstart.scss",
      "outputStyle" : 0,
      "shouldRunBless" : 0,
      "outputAbbreviatedPath" : "\/scss-compass\/upstarts\/css\/_upstart.css",
      "fileType" : 4,
      "debugStyle" : 0
    },
    "\/less\/typography.less" : {
      "ignoreWasSetByUser" : 0,
      "ignore" : 1,
      "hidden" : 0,
      "outputPathIsSetByUser" : 0,
      "inputAbbreviatedPath" : "\/less\/typography.less",
      "outputStyle" : 0,
      "shouldRunBless" : 0,
      "outputAbbreviatedPath" : "\/css\/typography.css",
      "strictImports" : 0,
      "fileType" : 1,
      "debugStyle" : 0
    },
    "\/scss\/upstarts\/320andup-panels\/index.html" : {
      "ignoreWasSetByUser" : 0,
      "ignore" : 0,
      "hidden" : 0,
      "outputPathIsSetByUser" : 0,
      "inputAbbreviatedPath" : "\/scss\/upstarts\/320andup-panels\/index.html",
      "outputAbbreviatedPath" : "No Output Path",
      "fileType" : 2048
    },
    "\/scss-compass\/_1382.scss" : {
      "ignoreWasSetByUser" : 0,
      "ignore" : 1,
      "hidden" : 0,
      "outputPathIsSetByUser" : 0,
      "inputAbbreviatedPath" : "\/scss-compass\/_1382.scss",
      "outputStyle" : 0,
      "shouldRunBless" : 0,
      "outputAbbreviatedPath" : "\/css\/_1382.css",
      "fileType" : 4,
      "debugStyle" : 0
    },
    "\/less\/upstarts\/320andup-panels\/index.html" : {
      "ignoreWasSetByUser" : 0,
      "ignore" : 0,
      "hidden" : 0,
      "outputPathIsSetByUser" : 0,
      "inputAbbreviatedPath" : "\/less\/upstarts\/320andup-panels\/index.html",
      "outputAbbreviatedPath" : "No Output Path",
      "fileType" : 2048
    },
    "\/less\/480.less" : {
      "ignoreWasSetByUser" : 0,
      "ignore" : 1,
      "hidden" : 0,
      "outputPathIsSetByUser" : 0,
      "inputAbbreviatedPath" : "\/less\/480.less",
      "outputStyle" : 0,
      "shouldRunBless" : 0,
      "outputAbbreviatedPath" : "\/css\/480.css",
      "strictImports" : 0,
      "fileType" : 1,
      "debugStyle" : 0
    },
    "\/scss\/_mixins.scss" : {
      "ignoreWasSetByUser" : 0,
      "ignore" : 1,
      "hidden" : 0,
      "outputPathIsSetByUser" : 0,
      "inputAbbreviatedPath" : "\/scss\/_mixins.scss",
      "outputStyle" : 0,
      "shouldRunBless" : 0,
      "outputAbbreviatedPath" : "\/css\/_mixins.css",
      "fileType" : 4,
      "debugStyle" : 0
    },
    "\/sass\/_elements.sass" : {
      "ignoreWasSetByUser" : 0,
      "ignore" : 0,
      "hidden" : 0,
      "outputPathIsSetByUser" : 0,
      "inputAbbreviatedPath" : "\/sass\/_elements.sass",
      "outputStyle" : 0,
      "shouldRunBless" : 0,
      "outputAbbreviatedPath" : "\/css\/_elements.css",
      "fileType" : 2,
      "debugStyle" : 0
    },
    "\/img\/placeholder.png" : {
      "ignoreWasSetByUser" : 0,
      "ignore" : 0,
      "hidden" : 0,
      "outputPathIsSetByUser" : 0,
      "inputAbbreviatedPath" : "\/img\/placeholder.png",
      "processed" : 0,
      "outputAbbreviatedPath" : "\/img\/placeholder.png",
      "initialSize" : 17566,
      "fileType" : 8192
    },
    "\/less\/texture.less" : {
      "ignoreWasSetByUser" : 0,
      "ignore" : 1,
      "hidden" : 0,
      "outputPathIsSetByUser" : 0,
      "inputAbbreviatedPath" : "\/less\/texture.less",
      "outputStyle" : 0,
      "shouldRunBless" : 0,
      "outputAbbreviatedPath" : "\/css\/texture.css",
      "strictImports" : 0,
      "fileType" : 1,
      "debugStyle" : 0
    },
    "\/js\/helper.js" : {
      "ignoreWasSetByUser" : 0,
      "ignore" : 0,
      "hidden" : 0,
      "outputPathIsSetByUser" : 0,
      "inputAbbreviatedPath" : "\/js\/helper.js",
      "outputStyle" : 1,
      "syntaxCheckerStyle" : 1,
      "outputAbbreviatedPath" : "\/js\/helper-ck.js",
      "fileType" : 64
    },
    "\/js\/jquery-1.7.2.min.js" : {
      "ignoreWasSetByUser" : 0,
      "ignore" : 0,
      "hidden" : 0,
      "outputPathIsSetByUser" : 0,
      "inputAbbreviatedPath" : "\/js\/jquery-1.7.2.min.js",
      "outputStyle" : 1,
      "syntaxCheckerStyle" : 1,
      "outputAbbreviatedPath" : "\/js\/jquery-1.7.2.min-ck.js",
      "fileType" : 64
    },
    "\/img\/h\/splash.png" : {
      "ignoreWasSetByUser" : 0,
      "ignore" : 0,
      "hidden" : 0,
      "outputPathIsSetByUser" : 0,
      "inputAbbreviatedPath" : "\/img\/h\/splash.png",
      "processed" : 0,
      "outputAbbreviatedPath" : "\/img\/h\/splash.png",
      "initialSize" : 2715,
      "fileType" : 8192
    },
    "\/sass-compass\/_forms.sass" : {
      "ignoreWasSetByUser" : 0,
      "ignore" : 0,
      "hidden" : 0,
      "outputPathIsSetByUser" : 0,
      "inputAbbreviatedPath" : "\/sass-compass\/_forms.sass",
      "outputStyle" : 0,
      "shouldRunBless" : 0,
      "outputAbbreviatedPath" : "\/css\/_forms.css",
      "fileType" : 2,
      "debugStyle" : 0
    },
    "\/css\/320andup-sass-compass.css" : {
      "ignoreWasSetByUser" : 0,
      "ignore" : 1,
      "hidden" : 0,
      "outputPathIsSetByUser" : 0,
      "inputAbbreviatedPath" : "\/css\/320andup-sass-compass.css",
      "outputAbbreviatedPath" : "No Output Path",
      "fileType" : 16
    },
    "\/sass-compass\/upstarts\/320andup-display-table\/index.html" : {
      "ignoreWasSetByUser" : 0,
      "ignore" : 0,
      "hidden" : 0,
      "outputPathIsSetByUser" : 0,
      "inputAbbreviatedPath" : "\/sass-compass\/upstarts\/320andup-display-table\/index.html",
      "outputAbbreviatedPath" : "No Output Path",
      "fileType" : 2048
    },
    "\/scss-compass\/_texture.scss" : {
      "ignoreWasSetByUser" : 0,
      "ignore" : 1,
      "hidden" : 0,
      "outputPathIsSetByUser" : 0,
      "inputAbbreviatedPath" : "\/scss-compass\/_texture.scss",
      "outputStyle" : 0,
      "shouldRunBless" : 0,
      "outputAbbreviatedPath" : "\/css\/_texture.css",
      "fileType" : 4,
      "debugStyle" : 0
    },
    "\/less\/upstarts\/320andup-modules\/index.html" : {
      "ignoreWasSetByUser" : 0,
      "ignore" : 0,
      "hidden" : 0,
      "outputPathIsSetByUser" : 0,
      "inputAbbreviatedPath" : "\/less\/upstarts\/320andup-modules\/index.html",
      "outputAbbreviatedPath" : "No Output Path",
      "fileType" : 2048
    },
    "\/sass-compass\/_typography.sass" : {
      "ignoreWasSetByUser" : 0,
      "ignore" : 0,
      "hidden" : 0,
      "outputPathIsSetByUser" : 0,
      "inputAbbreviatedPath" : "\/sass-compass\/_typography.sass",
      "outputStyle" : 0,
      "shouldRunBless" : 0,
      "outputAbbreviatedPath" : "\/css\/_typography.css",
      "fileType" : 2,
      "debugStyle" : 0
    },
    "\/css\/320andup-scss.css" : {
      "ignoreWasSetByUser" : 0,
      "ignore" : 1,
      "hidden" : 0,
      "outputPathIsSetByUser" : 0,
      "inputAbbreviatedPath" : "\/css\/320andup-scss.css",
      "outputAbbreviatedPath" : "No Output Path",
      "fileType" : 16
    },
    "\/sass\/upstarts\/320andup-display-table\/_upstart.sass" : {
      "ignoreWasSetByUser" : 0,
      "ignore" : 1,
      "hidden" : 0,
      "outputPathIsSetByUser" : 0,
      "inputAbbreviatedPath" : "\/sass\/upstarts\/320andup-display-table\/_upstart.sass",
      "outputStyle" : 0,
      "shouldRunBless" : 0,
      "outputAbbreviatedPath" : "\/sass\/upstarts\/css\/_upstart.css",
      "fileType" : 2,
      "debugStyle" : 0
    },
    "\/less\/font-awesome.less" : {
      "ignoreWasSetByUser" : 0,
      "ignore" : 1,
      "hidden" : 0,
      "outputPathIsSetByUser" : 0,
      "inputAbbreviatedPath" : "\/less\/font-awesome.less",
      "outputStyle" : 0,
      "shouldRunBless" : 0,
      "outputAbbreviatedPath" : "\/css\/font-awesome.css",
      "strictImports" : 0,
      "fileType" : 1,
      "debugStyle" : 0
    },
    "\/less\/992.less" : {
      "ignoreWasSetByUser" : 0,
      "ignore" : 1,
      "hidden" : 0,
      "outputPathIsSetByUser" : 0,
      "inputAbbreviatedPath" : "\/less\/992.less",
      "outputStyle" : 0,
      "shouldRunBless" : 0,
      "outputAbbreviatedPath" : "\/css\/992.css",
      "strictImports" : 0,
      "fileType" : 1,
      "debugStyle" : 0
    },
    "\/scss-compass\/_variables.scss" : {
      "ignoreWasSetByUser" : 0,
      "ignore" : 1,
      "hidden" : 0,
      "outputPathIsSetByUser" : 0,
      "inputAbbreviatedPath" : "\/scss-compass\/_variables.scss",
      "outputStyle" : 0,
      "shouldRunBless" : 0,
      "outputAbbreviatedPath" : "\/css\/_variables.css",
      "fileType" : 4,
      "debugStyle" : 0
    },
    "\/sass\/_480.sass" : {
      "ignoreWasSetByUser" : 0,
      "ignore" : 0,
      "hidden" : 0,
      "outputPathIsSetByUser" : 0,
      "inputAbbreviatedPath" : "\/sass\/_480.sass",
      "outputStyle" : 0,
      "shouldRunBless" : 0,
      "outputAbbreviatedPath" : "\/css\/_480.css",
      "fileType" : 2,
      "debugStyle" : 0
    },
    "\/scss-compass\/_480.scss" : {
      "ignoreWasSetByUser" : 0,
      "ignore" : 1,
      "hidden" : 0,
      "outputPathIsSetByUser" : 0,
      "inputAbbreviatedPath" : "\/scss-compass\/_480.scss",
      "outputStyle" : 0,
      "shouldRunBless" : 0,
      "outputAbbreviatedPath" : "\/css\/_480.css",
      "fileType" : 4,
      "debugStyle" : 0
    },
    "\/sass-compass\/_font-awesome.sass" : {
      "ignoreWasSetByUser" : 0,
      "ignore" : 0,
      "hidden" : 0,
      "outputPathIsSetByUser" : 0,
      "inputAbbreviatedPath" : "\/sass-compass\/_font-awesome.sass",
      "outputStyle" : 0,
      "shouldRunBless" : 0,
      "outputAbbreviatedPath" : "\/css\/_font-awesome.css",
      "fileType" : 2,
      "debugStyle" : 0
    },
    "\/sass-compass\/_modernizr.sass" : {
      "ignoreWasSetByUser" : 0,
      "ignore" : 1,
      "hidden" : 0,
      "outputPathIsSetByUser" : 0,
      "inputAbbreviatedPath" : "\/sass-compass\/_modernizr.sass",
      "outputStyle" : 0,
      "shouldRunBless" : 0,
      "outputAbbreviatedPath" : "\/css\/_modernizr.css",
      "fileType" : 2,
      "debugStyle" : 0
    },
    "\/less\/600.less" : {
      "ignoreWasSetByUser" : 0,
      "ignore" : 1,
      "hidden" : 0,
      "outputPathIsSetByUser" : 0,
      "inputAbbreviatedPath" : "\/less\/600.less",
      "outputStyle" : 0,
      "shouldRunBless" : 0,
      "outputAbbreviatedPath" : "\/css\/600.css",
      "strictImports" : 0,
      "fileType" : 1,
      "debugStyle" : 0
    },
    "\/sass\/upstarts\/320andup-modules\/example.html" : {
      "ignoreWasSetByUser" : 0,
      "ignore" : 0,
      "hidden" : 0,
      "outputPathIsSetByUser" : 0,
      "inputAbbreviatedPath" : "\/sass\/upstarts\/320andup-modules\/example.html",
      "outputAbbreviatedPath" : "No Output Path",
      "fileType" : 2048
    },
    "\/sass-compass\/_480.sass" : {
      "ignoreWasSetByUser" : 0,
      "ignore" : 0,
      "hidden" : 0,
      "outputPathIsSetByUser" : 0,
      "inputAbbreviatedPath" : "\/sass-compass\/_480.sass",
      "outputStyle" : 0,
      "shouldRunBless" : 0,
      "outputAbbreviatedPath" : "\/css\/_480.css",
      "fileType" : 2,
      "debugStyle" : 0
    },
    "\/sass\/_variables.sass" : {
      "ignoreWasSetByUser" : 0,
      "ignore" : 0,
      "hidden" : 0,
      "outputPathIsSetByUser" : 0,
      "inputAbbreviatedPath" : "\/sass\/_variables.sass",
      "outputStyle" : 0,
      "shouldRunBless" : 0,
      "outputAbbreviatedPath" : "\/css\/_variables.css",
      "fileType" : 2,
      "debugStyle" : 0
    },
    "\/scss-compass\/upstarts\/320andup-modules\/index.html" : {
      "ignoreWasSetByUser" : 0,
      "ignore" : 0,
      "hidden" : 0,
      "outputPathIsSetByUser" : 0,
      "inputAbbreviatedPath" : "\/scss-compass\/upstarts\/320andup-modules\/index.html",
      "outputAbbreviatedPath" : "No Output Path",
      "fileType" : 2048
    },
    "\/less\/forms.less" : {
      "ignoreWasSetByUser" : 0,
      "ignore" : 1,
      "hidden" : 0,
      "outputPathIsSetByUser" : 0,
      "inputAbbreviatedPath" : "\/less\/forms.less",
      "outputStyle" : 0,
      "shouldRunBless" : 0,
      "outputAbbreviatedPath" : "\/css\/forms.css",
      "strictImports" : 0,
      "fileType" : 1,
      "debugStyle" : 0
    },
    "\/sass-compass\/_mixins.sass" : {
      "ignoreWasSetByUser" : 0,
      "ignore" : 0,
      "hidden" : 0,
      "outputPathIsSetByUser" : 0,
      "inputAbbreviatedPath" : "\/sass-compass\/_mixins.sass",
      "outputStyle" : 0,
      "shouldRunBless" : 0,
      "outputAbbreviatedPath" : "\/css\/_mixins.css",
      "fileType" : 2,
      "debugStyle" : 0
    },
    "\/scss\/_variables.scss" : {
      "ignoreWasSetByUser" : 0,
      "ignore" : 1,
      "hidden" : 0,
      "outputPathIsSetByUser" : 0,
      "inputAbbreviatedPath" : "\/scss\/_variables.scss",
      "outputStyle" : 0,
      "shouldRunBless" : 0,
      "outputAbbreviatedPath" : "\/css\/_variables.css",
      "fileType" : 4,
      "debugStyle" : 0
    },
    "\/css\/320andup-scss-compass.css" : {
      "ignoreWasSetByUser" : 0,
      "ignore" : 1,
      "hidden" : 0,
      "outputPathIsSetByUser" : 0,
      "inputAbbreviatedPath" : "\/css\/320andup-scss-compass.css",
      "outputAbbreviatedPath" : "No Output Path",
      "fileType" : 16
    },
    "\/sass-compass\/upstarts\/320andup-panels\/index.html" : {
      "ignoreWasSetByUser" : 0,
      "ignore" : 0,
      "hidden" : 0,
      "outputPathIsSetByUser" : 0,
      "inputAbbreviatedPath" : "\/sass-compass\/upstarts\/320andup-panels\/index.html",
      "outputAbbreviatedPath" : "No Output Path",
      "fileType" : 2048
    },
    "\/less\/site.less" : {
      "ignoreWasSetByUser" : 0,
      "ignore" : 1,
      "hidden" : 0,
      "outputPathIsSetByUser" : 0,
      "inputAbbreviatedPath" : "\/less\/site.less",
      "outputStyle" : 0,
      "shouldRunBless" : 0,
      "outputAbbreviatedPath" : "\/css\/site.css",
      "strictImports" : 0,
      "fileType" : 1,
      "debugStyle" : 0
    },
    "\/scss\/upstarts\/320andup-modules\/example.html" : {
      "ignoreWasSetByUser" : 0,
      "ignore" : 0,
      "hidden" : 0,
      "outputPathIsSetByUser" : 0,
      "inputAbbreviatedPath" : "\/scss\/upstarts\/320andup-modules\/example.html",
      "outputAbbreviatedPath" : "No Output Path",
      "fileType" : 2048
    },
    "\/img\/placeholder-3.png" : {
      "ignoreWasSetByUser" : 0,
      "ignore" : 0,
      "hidden" : 0,
      "outputPathIsSetByUser" : 0,
      "inputAbbreviatedPath" : "\/img\/placeholder-3.png",
      "processed" : 0,
      "outputAbbreviatedPath" : "\/img\/placeholder-3.png",
      "initialSize" : 18180,
      "fileType" : 8192
    },
    "\/sass-compass\/upstarts\/320andup-display-table\/_upstart.sass" : {
      "ignoreWasSetByUser" : 0,
      "ignore" : 0,
      "hidden" : 0,
      "outputPathIsSetByUser" : 0,
      "inputAbbreviatedPath" : "\/sass-compass\/upstarts\/320andup-display-table\/_upstart.sass",
      "outputStyle" : 0,
      "shouldRunBless" : 0,
      "outputAbbreviatedPath" : "\/sass-compass\/upstarts\/css\/_upstart.css",
      "fileType" : 2,
      "debugStyle" : 0
    },
    "\/scss-compass\/upstarts\/320andup-display-table\/index.html" : {
      "ignoreWasSetByUser" : 0,
      "ignore" : 0,
      "hidden" : 0,
      "outputPathIsSetByUser" : 0,
      "inputAbbreviatedPath" : "\/scss-compass\/upstarts\/320andup-display-table\/index.html",
      "outputAbbreviatedPath" : "No Output Path",
      "fileType" : 2048
    },
    "\/sass-compass\/_texture.sass" : {
      "ignoreWasSetByUser" : 0,
      "ignore" : 0,
      "hidden" : 0,
      "outputPathIsSetByUser" : 0,
      "inputAbbreviatedPath" : "\/sass-compass\/_texture.sass",
      "outputStyle" : 0,
      "shouldRunBless" : 0,
      "outputAbbreviatedPath" : "\/css\/_texture.css",
      "fileType" : 2,
      "debugStyle" : 0
    },
    "\/scss\/_page.scss" : {
      "ignoreWasSetByUser" : 0,
      "ignore" : 1,
      "hidden" : 0,
      "outputPathIsSetByUser" : 0,
      "inputAbbreviatedPath" : "\/scss\/_page.scss",
      "outputStyle" : 0,
      "shouldRunBless" : 0,
      "outputAbbreviatedPath" : "\/css\/_page.css",
      "fileType" : 4,
      "debugStyle" : 0
    }
  },
  "manualImportLinks" : [
    {
      "type" : 0,
      "position" : 0,
      "linkedFileAbbreviatedPath" : "\/js\/bootstrap.js",
      "baseFileAbbreviatedPath" : "\/js\/script.js",
      "followForSyntaxChecking" : 1
    }
  ],
  "projectSettings" : {
    "hamlNoEscapeInAttributes" : 0,
    "kitAutoOutputPathStyle" : 0,
    "lessOutputStyle" : 0,
    "hamlAutoOutputPathReplace2" : "",
    "draggedImportConcatenationStyle" : 1,
    "jadeAutoOutputPathStyle" : 0,
    "hamlEscapeHTMLCharacters" : 0,
    "javascriptAutoOutputPathStyle" : 0,
    "hamlOutputFormat" : 2,
    "stylusAutoOutputPathReplace1" : "stylus",
    "lessStrictImports" : 0,
    "sassAutoOutputPathStyle" : 2,
    "stylusAutoOutputPathReplace2" : "css",
    "lessAutoOutputPathStyle" : 2,
    "genericWebpageFileExtensionsString" : "html, htm, shtml, shtm, xhtml, php, jsp, asp, aspx, erb, ctp",
    "coffeeMinifyOutput" : 1,
    "javascriptOutputSuffix" : "-ck",
    "jadeOutputStyle" : 0,
    "coffeeAutoOutputPathStyle" : 0,
    "autoSyncProjectSettingsFile" : 1,
    "lessAutoOutputPathReplace1" : "less",
    "jadeAutoOutputPathReplace1" : "",
    "lessAutoOutputPathRelativePath" : "..\/css",
    "hamlAutoOutputPathRelativePath" : "",
    "jsCheckerReservedNamesString" : "",
    "javascriptOutputStyle" : 1,
    "stylusDebugStyle" : 0,
    "hamlUseCDATA" : 0,
    "hamlAutoOutputPathStyle" : 0,
    "sassDebugStyle" : 0,
    "hamlOutputStyle" : 0,
    "stylusAutoOutputPathRelativePath" : "..\/css",
    "jsCheckerIndent" : 4,
    "kitAutoOutputPathRelativePath" : "",
    "lessAutoOutputPathReplace2" : "css",
    "jadeAutoOutputPathReplace2" : "",
    "shouldRunBless" : 0,
    "stylusAutoOutputPathStyle" : 2,
    "coffeeCheckOutputStyle" : 0,
    "slimOutputStyle" : 1,
    "javascriptSyntaxCheckerStyle" : 1,
    "sassAutoOutputPathReplace1" : "sass",
    "slimAutoOutputPathReplace1" : "",
    "sassOutputStyle" : 0,
    "coffeeAutoOutputPathRelativePath" : "",
    "slimCompileOnly" : 0,
    "slimLogicless" : 0,
    "uglifyIndent" : 4,
    "jadeAutoOutputPathRelativePath" : "",
    "hamlUseUnixNewlines" : 0,
    "hamlAutoOutputPathReplace1" : "",
    "javascriptAutoOutputPathReplace1" : "",
    "stylusOutputStyle" : 0,
    "javascriptAutoOutputPathReplace2" : "",
    "sassAutoOutputPathRelativePath" : "..\/css",
    "coffeeAutoOutputPathReplace1" : "",
    "hamlUseDoubleQuotes" : 0,
    "coffeeAutoOutputPathReplace2" : "",
    "kitAutoOutputPathReplace1" : "",
    "uglifyReservedNamesString" : "",
    "coffeeOutputStyle" : 0,
    "slimAutoOutputPathRelativePath" : "",
    "jsHintFlags" : {
      "latedef" : 1,
      "newcap" : 1,
      "curly" : 1,
      "trailing" : 1,
      "nonew" : 1,
      "withstmt" : 0,
      "yui" : 0,
      "mootools" : 0,
      "proto" : 0,
      "boss" : 0,
      "funcscope" : 0,
      "regexdash" : 0,
      "jquery" : 1,
      "esnext" : 0,
      "camelcase" : 0,
      "es5" : 0,
      "dojo" : 0,
      "strict" : 0,
      "devel" : 0,
      "onecase" : 0,
      "wsh" : 0,
      "nonstandard" : 0,
      "asi" : 0,
      "smarttabs" : 0,
      "rhino" : 0,
      "noempty" : 0,
      "lastsemic" : 0,
      "eqnull" : 0,
      "eqeqeq" : 1,
      "couch" : 0,
      "evil" : 0,
      "expr" : 0,
      "immed" : 0,
      "globalstrict" : 0,
      "undef" : 1,
      "iterator" : 0,
      "prototypejs" : 0,
      "noarg" : 1,
      "supernew" : 0,
      "node" : 0,
      "unused" : 1,
      "debug" : 0,
      "bitwise" : 1,
      "white" : 0,
      "worker" : 0,
      "browser" : 1,
      "laxcomma" : 0,
      "multistr" : 0,
      "shadow" : 0,
      "sub" : 0,
      "regexp" : 1,
      "scripturl" : 0,
      "forin" : 0,
      "loopfunc" : 0,
      "laxbreak" : 0,
      "plusplus" : 0
    },
    "jsLintFlags" : {
      "white" : 0,
      "bitwise" : 0,
      "regexp" : 0,
      "vars" : 0,
      "anon" : 0,
      "sub" : 0,
      "stupid" : 0,
      "nomen" : 0,
      "unparam" : 0,
      "newcap" : 0,
      "'continue'" : 0,
      "sloppy" : 0,
      "fragment" : 0,
      "undef" : 0,
      "es5" : 0,
      "browser" : 1,
      "properties" : 0,
      "forin" : 0,
      "plusplus" : 0,
      "debug" : 0,
      "eqeq" : 0,
      "confusion" : 0,
      "evil" : 0,
      "on" : 0,
      "windows" : 0,
      "devel" : 0,
      "rhino" : 0,
      "node" : 0,
      "css" : 0
    },
    "uglifyFlags" : {
      "no-mangle-functions" : 0,
      "no-mangle" : 0,
      "no-copyright" : 0,
      "no-dead-code" : 0,
      "inline-script" : 0,
      "ascii" : 0,
      "mangle-toplevel" : 0,
      "unsafe" : 0,
      "no-seqs" : 1,
      "beautify" : 0,
      "lift-vars" : 0,
      "consolidate-primitive-values" : 0,
      "no-squeeze" : 0
    },
    "sassAutoOutputPathReplace2" : "css",
    "slimAutoOutputPathReplace2" : "",
    "jadeCompileDebug" : 1,
    "slimRailsCompatible" : 0,
    "kitAutoOutputPathReplace2" : "",
    "lessDebugStyle" : 0,
    "javascriptAutoOutputPathRelativePath" : "",
    "slimAutoOutputPathStyle" : 0
  },
  "projectAttributes" : {
    "bourbonEnabled" : 0,
    "displayValue" : "320andup",
    "displayValueWasSetByUser" : 1,
    "compassEnabled" : 0
  }
}